Study key,Evidence level,Basis,Q1 Method specification,Q2 Baseline comparison,Q3 Physical validation,Q4 Compute reporting,Q5 Quantitative evaluation,Q6 Code or model release,Q7 Confidence signal
Ahn2022,E4,Abstract,M,?,M,N,?,?,P
Huang2022b,E4,Abstract,M,P,M,N,?,?,M
Huang2022a,E3,Abstract,M,P,N,N,?,?,N
Shah2022,E4,Abstract,M,?,M,N,?,?,N
Liang2023,E4,Abstract,P,N,M,N,M,?,N
Driess2023,E4,Abstract,M,N,M,M,P,?,N
Yao2023a,E3,Abstract,P,M,N,N,M,?,N
Schick2023,E3,Abstract,M,P,N,N,?,?,N
Shinn2023,E3,Abstract,M,M,N,P,M,?,N
Singh2023,E4,Abstract,P,?,M,N,?,?,N
Huang2023a,E4,Abstract,M,?,M,N,?,?,P
Yu2023,E4,Abstract,M,M,M,P,M,?,N
Song2023,E3,Abstract,P,M,N,N,M,?,N
Yao2023b,E2,Abstract,P,M,N,N,M,?,P
Ren2023,E4,Abstract,M,P,M,N,?,?,M
Chen2023b,E3,Abstract,M,N,N,M,M,M,N
Wang2024a,E3,Abstract,M,M,N,N,M,?,P
Liang2024,E3,Abstract,M,P,N,N,?,?,M
Wang2024c,E3,Abstract,M,P,N,P,?,?,M
Dalal2024,E3,Full text,P,M,N,N,M,?,N
Zeng2024,E3,Abstract,P,N,N,M,P,?,N
Yao2024,E3,Abstract,M,P,N,N,P,?,N
Zhai2024,E3,Full text,M,M,N,M,M,?,N
Radford2021,E3,Abstract,P,N,N,N,P,?,N
Shridhar2021,E4,Abstract,P,P,M,N,P,?,N
Reed2022,E4,Abstract,P,?,M,N,?,?,N
Shridhar2022,E4,Abstract,M,P,M,N,P,?,N
Brohan2023a,E5,Abstract,M,?,M,N,?,?,N
Brohan2023b,E4,Abstract,M,P,M,N,P,?,N
Jiang2023,E3,Abstract,P,M,N,M,M,?,N
Kim2024,E5,Abstract,M,M,M,M,M,M,N
Octo2024,E5,Abstract,M,N,M,N,P,M,N
Black2024,E5,Abstract,M,?,M,N,?,?,N
Bousmalis2023,E5,Abstract,M,N,M,N,P,?,N
Li2024a,E3,Abstract,M,P,N,N,?,?,N
Liu2024a,E4,Abstract,M,M,M,N,M,?,N
Shukor2025,E4,Abstract,M,N,M,N,M,?,N
Wen2025,E4,Abstract,M,P,M,P,?,?,N
Budzianowski2025,E2,Abstract,M,M,N,M,M,?,N
Kim2025,E4,Abstract,M,M,M,M,M,?,N
Pertsch2025,E4,Abstract,P,N,M,M,M,?,N
Wang2025a,E4,Abstract,M,N,M,M,M,?,N
Ravichandran2025,E4,Abstract,M,M,M,M,M,?,N
Zhang2026a,E3,Abstract,M,M,N,M,M,?,N
Gal2016,E2,Abstract,M,P,N,N,?,?,M
Lakshminarayanan2017,E2,Abstract,P,P,N,N,?,?,M
Kendall2017,E2,Abstract,M,?,N,N,?,?,M
Guo2017,E2,Abstract,M,?,N,N,?,?,M
Hendrycks2017,E2,Abstract,P,P,N,N,?,?,M
Sensoy2018,E2,Abstract,P,?,N,N,?,?,M
Amini2020,E2,Abstract,P,?,N,N,?,?,M
Ren2024,E4,Abstract,P,P,M,P,?,?,M
Mnih2015,E3,Standard reference,P,N,N,N,P,?,N
Osband2016,E3,Abstract,M,P,N,N,?,?,M
Schulman2017,E3,Abstract,P,P,N,N,?,?,N
Andrychowicz2017,E4,Abstract,M,?,M,N,?,?,N
Haarnoja2018,E3,Abstract,P,P,N,N,?,?,M
Fujimoto2018,E3,Abstract,P,P,N,N,?,?,N
Kalashnikov2018,E5,Abstract,P,M,M,M,M,?,N
Burda2019,E3,Abstract,P,P,N,N,P,?,M
Kumar2020,E3,Abstract,P,M,N,N,M,?,N
Hafner2023,E3,Abstract,M,P,N,N,P,?,N
Yuan2025,E3,Abstract,M,P,N,N,?,?,N
Ankile2025,E3,Abstract,P,P,N,N,?,?,N
Wagenmaker2025,E4,Abstract,M,P,M,P,?,?,N
Mark2025,E4,Abstract,M,N,M,M,M,?,P
Chen2025,E4,Abstract,M,M,M,N,M,?,N
Lu2025,E3,Abstract,P,M,N,M,M,?,P
Li2026,E4,Abstract,P,P,M,N,?,?,N
Ross2011,E2,Abstract,P,P,N,N,?,?,N
Ho2016,E3,Abstract,M,P,N,N,P,?,N
Duan2017,E3,Abstract,M,?,N,N,?,?,N
Lynch2019,E3,Abstract,M,M,N,N,M,?,N
Florence2021,E4,Abstract,M,P,M,N,P,?,N
Jang2021,E5,Abstract,M,N,M,N,M,?,N
Chi2023,E4,Abstract,M,M,M,N,M,?,N
Zhao2023,E4,Abstract,M,N,M,N,M,?,N
Wu2024,E3,Full text,M,N,N,N,M,?,M
Bongard2006,E4,Standard reference,M,N,M,N,P,?,M
Cully2015,E4,Standard reference,M,N,M,N,P,?,M
Tobin2017,E4,Abstract,M,N,M,N,P,?,N
Nagabandi2019,E4,Abstract,M,?,M,N,?,?,N
Kumar2021,E4,Abstract,M,?,P,N,?,?,N
Liu2023c,E4,Abstract,M,?,M,N,?,?,M
Agia2024,E4,Abstract,M,M,M,N,M,?,M
Sinha2024,E3,Abstract,M,P,N,N,?,?,M
Shi2024,E4,Abstract,M,P,M,P,?,?,N
Duan2025,E4,Abstract,M,M,M,N,M,M,M
Ye2025,E4,Abstract,M,M,M,P,M,?,M
Romer2025,E4,Abstract,M,P,M,N,?,?,M
Xu2025,E4,Abstract,M,P,M,N,?,?,M
Gu2025,E4,Abstract,M,P,M,N,?,?,M
Duan2016,E3,Standard reference,M,?,N,N,?,?,N
Andrychowicz2016,E2,Abstract,M,P,N,N,?,?,N
Finn2017,E3,Abstract,M,?,N,N,?,?,N
Snell2017,E3,Abstract,M,?,N,N,?,?,N
Nichol2018,E2,Abstract,M,?,N,N,?,?,N
Yu2019,E3,Abstract,M,N,N,N,P,M,N
Rakelly2019,E3,Abstract,M,M,N,P,M,?,M
Zintgraf2020,E3,Abstract,M,P,N,N,?,?,M
Zhu2025,E4,Full text,M,M,M,N,M,?,N
McMahan2017,E3,Abstract,M,M,N,M,M,?,N
Kendall2018,E3,Abstract,M,P,N,N,?,?,M
Li2020,E2,Abstract,P,M,N,N,M,?,N
Han2021,E3,Abstract,P,P,N,N,?,?,M
Han2022a,E3,Abstract,P,P,N,N,?,?,M
Han2022b,E3,Abstract,P,P,N,N,?,?,P
Lindemann2023,E3,Abstract,P,N,N,N,P,?,M
Zollo2025,E3,Abstract,P,N,N,N,?,?,M
Romer2026a,E3,Abstract,P,M,N,N,M,?,M
Yuan2026,E4,Abstract,M,P,M,N,?,?,M
Schaul2016,E3,Abstract,P,M,N,N,M,?,N
Rusu2016,E3,Abstract,P,P,N,N,P,?,N
Kirkpatrick2017,E3,Abstract,P,N,N,N,?,?,N
LopezPaz2017,E3,Abstract,P,P,N,P,P,?,N
Rebuffi2017,E3,Abstract,P,N,N,P,P,?,N
Houlsby2019,E3,Abstract,P,N,N,N,M,?,N
Rolnick2019,E3,Abstract,M,N,N,N,?,?,N
Cai2020,E3,Abstract,P,M,N,M,M,?,N
Lin2020,E3,Abstract,P,N,N,M,M,?,N
Li2021,E3,Abstract,P,N,N,N,M,?,N
Hu2022,E3,Abstract,M,M,N,M,M,?,N
Lin2022,E3,Abstract,P,N,N,M,M,?,N
Liu2022,E3,Abstract,P,M,N,P,M,?,N
Dettmers2023,E3,Abstract,P,N,N,M,M,M,N
Liu2023,E4,Abstract,P,M,M,M,M,?,N
Liu2023b,E3,Abstract,M,P,N,M,P,?,N
Malladi2023,E3,Abstract,P,N,N,M,M,?,N
Liu2024b,E3,Abstract,P,N,N,N,M,?,N
Wan2024,E4,Abstract,M,M,P,N,M,?,N
Li2025,E3,Abstract,P,N,N,P,?,?,N
Romer2026b,E3,Abstract,P,P,N,N,?,?,P
Jacobs1991,E2,Abstract,P,N,N,N,?,?,P
Bengio2015,E3,Full text,M,P,N,N,P,?,N
Graves2016,E3,Full text,M,N,N,P,P,?,P
Shazeer2017,E3,Abstract,M,M,N,P,M,?,P
Rosenbaum2018,E3,Abstract,M,N,N,P,M,?,P
Riquelme2021,E3,Abstract,M,N,N,M,M,?,P
Hoque2021,E4,Abstract,M,M,M,N,M,?,M
Fedus2022,E3,Abstract,P,M,N,M,M,?,P
Puigcerver2024,E3,Abstract,M,N,N,N,M,?,P
Wang2024b,E4,Full text,M,P,M,M,P,?,P
Chen2024,E3,Abstract,M,M,N,M,M,?,P
Ding2024,E3,Abstract,M,M,N,M,M,?,P
Aggarwal2024,E3,Abstract,M,M,N,M,M,?,P
Yue2024,E3,Abstract,M,N,N,M,M,?,N
Reuss2025,E3,Abstract,P,M,N,M,M,?,P
Huang2025,E4,Full text,M,N,M,M,M,?,P
Ong2025,E3,Abstract,M,M,N,M,M,?,P
SMP2026,E4,Abstract,M,P,M,P,P,?,P
Liu2026,E3,Full text,M,M,N,M,M,?,N
Zhang2026b,E4,Abstract,M,M,M,M,M,?,P
Mandlekar2021,E4,Abstract,M,?,M,N,?,?,N
Kemp2022,E4,Abstract,M,?,M,N,?,?,N
Fu2024,E4,Abstract,M,N,M,P,M,?,N
OXE2024,E5,Abstract,P,P,M,N,P,?,N
KressGazit2024,E4,Abstract,M,N,M,N,P,?,N
Snyder2025,E4,Abstract,M,M,M,N,M,?,N
TRI2025,E5,Abstract,P,P,M,P,P,?,N
Alshiekh2018,E2,Abstract,M,?,N,N,?,?,N
Phan2020,E3,Abstract,M,?,N,N,?,?,N
