Study key,Basis,Q1 Model specification,Q2 Classical comparison,Q3 Empirical grounding,Q4 Parameter discipline,Q5 Quantitative evaluation,Q6 Reproducibility,Q7 Critical discussion
Moreira2014,Abstract,M,M,N,N,P,?,P
Moreira2016,Abstract,M,P,P,M,P,?,P
Moreira2017a,Abstract,M,P,P,P,P,?,P
Moreira2020b,Abstract,M,M,P,P,P,?,P
Wichert2020,Abstract,M,P,P,M,P,?,P
She2021,Abstract,M,M,P,P,P,?,N
Meghdadi2022,Abstract,M,M,P,N,M,?,P
Gao2025,Abstract,M,M,P,P,M,?,P
Widdows2003,Abstract,M,N,P,N,N,?,P
Sordoni2013,Abstract,M,M,M,M,M,?,P
Lorenz2023,Full text,M,P,P,M,M,M,M
Svozil2025,Full text,P,N,N,N,N,N,P
Stoudenmire2016,Abstract,M,P,M,M,M,?,P
Zhang2018,Abstract,M,M,M,M,M,?,P
Li2019,Abstract,M,M,M,M,M,?,P
Li2021a,Abstract,M,M,M,M,M,?,P
Li2021b,Abstract,M,M,M,M,M,?,P
Gkoumas2021,Abstract,M,M,M,M,M,?,P
Uprety2024,Abstract,P,P,M,N,P,?,P
Zhang2025,Abstract,P,M,M,M,M,?,?
Maksimovic2025,Abstract,M,M,N,N,P,?,P
Lo2025,Full text,M,N,M,M,M,M,M
Aerts2026,Abstract,P,N,P,M,P,?,P
Imannezhad2026,Abstract,M,M,M,M,M,?,M
Kang2026,Abstract,M,M,P,M,M,?,M
Dong2008,Abstract,M,M,N,P,P,?,P
Dong2012,Full text,M,P,M,P,P,N,P
Briegel2012,Full text,M,N,N,N,P,N,P
Melnikov2018,Abstract,M,M,P,P,M,?,P
Wei2022,Abstract,M,M,M,M,M,?,P
Lukac2007,Abstract,P,N,N,N,N,?,N
Hangl2016,Abstract,M,P,M,P,M,?,P
Yan2019,Abstract,M,N,N,N,N,?,N
Lanza2020,Full text,M,N,P,N,P,P,P
Hangl2020,Abstract,M,P,M,P,M,?,P
Lanza2021,Full text,M,N,P,N,P,M,P
Yan2021c,Abstract,P,N,N,N,N,?,?
Ho2022,Full text,M,P,N,N,N,N,P
Song2022,Abstract,P,M,M,N,P,?,P
Widdows2023,Full text,M,P,P,N,M,P,M
Mannone2024,Abstract,P,N,N,N,N,?,P
Daglarli2025,Full text,P,P,P,N,P,N,N
Chella2026,Abstract,M,M,P,M,M,?,M
Yukalov2018,Abstract,M,P,P,P,P,?,P
Ried2019,Abstract,M,P,P,P,P,?,P
LopezIncera2020,Abstract,M,N,P,P,M,?,P
Yan2021a,Full text,M,N,N,N,P,N,P
Yukalov2022,Abstract,M,N,N,P,P,?,P
Yukalov2023,Abstract,P,N,N,N,N,N,P
Essalmi2025,Abstract,M,M,P,N,M,?,P
Kong2026,Abstract,M,N,P,P,M,?,P
Ashtiani2019,Abstract,M,M,P,N,M,?,P
Pushparaj2021,Abstract,P,N,M,N,P,?,P
Humr2023,Abstract,P,N,N,N,N,?,P
Roeder2023,Abstract,M,M,M,P,M,?,P
Humr2025,Full text,M,P,N,N,P,N,P
vanderMeer2025,Full text,M,N,M,P,M,N,P
Kak2018,Abstract,P,P,N,N,N,?,P
Hoorn2019,Abstract,P,N,N,N,N,?,P
Essalmi2026,Abstract,M,M,P,N,M,?,P
Nebli2026,Abstract,M,N,N,M,N,?,M
