Study,Key,Evidence level,Phenomenon,Method,Setup and data,Key result,Limitation,Basis,DOI or identifier
Khrennikov (1999),Khrennikov1999,E2,Formal description of cognitive and social information processes,Classical and quantum mechanics on p-adic information spaces; p-adic probability,"Mathematical development with qualitative examples (associations, hierarchical social systems); no data",No empirical results; provides a p-adic formalism for information dynamics,Speculative; no link to measured behaviour; p-adic approach not taken up by later QP cognition models,Full text,https://doi.org/10.1023/A:1018885632116
Aerts et al. (2000),Aerts2000,E2,Logical structure of disjunction; concept combination,Quantum-logic analysis of 'or' via EPR-like correlation states and potentiality,Theoretical analysis of physical and macroscopic examples; cognitive application sketched,Quantum disjunction shown non-equivalent to classical 'or' owing to EPR-like correlations,No data; cognitive implications only outlined,Abstract,https://doi.org/10.1023/A:1026457918361
Busemeyer et al. (2006),Busemeyer2006,E2,Choice and response-time dynamics in decision-making,Quantum random walk (Schrödinger evolution of amplitudes) vs Markov random walk,Analytical derivation of choice probabilities and response-time distributions,Quantum dynamics produce interference effects not possible under Markov models; predictions contrasted,Largely theoretical; no dedicated experiment in this paper,Abstract,https://doi.org/10.1016/j.jmp.2006.01.003
Pothos and Busemeyer (2009),Pothos2009,E3,Sure-thing principle violations in prisoner's dilemma and two-stage gambles,Quantum probability model with Hilbert-space belief-action states and unitary (Hamiltonian) evolution,Applied to published prisoner's dilemma and two-stage gamble results,Interference reproduces violations of the law of total probability that classical models cannot,Parameters fitted to few aggregate data points; no new experiment,Abstract,https://doi.org/10.1098/rspb.2009.0121
Busemeyer et al. (2009),Busemeyer2009,E3,Choosing between Markov and quantum dynamic models of decision,Parameter-free tests of the law of total probability and the doubly stochastic law,New decision experiment plus review of published cognitive-psychology findings,Provides parameter-free tests discriminating Markov vs quantum models; evidence reviewed on both properties,Conclusions tied to the specific paradigms; detailed results not read here,Abstract,https://doi.org/10.1016/j.jmp.2009.03.002
Aerts (2009),Aerts2009,E3,Concept combination; membership weights for conjunctions and disjunctions,Hilbert/Fock-space quantum model with superposition and interference; two-layer (logical/conceptual) thought,"Reanalysis of Hampton (1988a,b) membership-weight data",Data shown incompatible with classical models; quantum model reproduces over- and underextension,Post hoc reconstruction of existing data; model freedom high,Full text,https://doi.org/10.1016/j.jmp.2009.04.005
Khrennikov (2010),Khrennikov2010,E2,"Foundations of quantum-like modelling in psychology, economics and finance",Contextual probability; representation of interference data by complex/hyperbolic amplitudes,Monograph; theoretical development with illustrations from published data,Systematic quantum-like framework linking contextuality and interference to QP representations,Applications largely illustrative; limited systematic model comparison,Abstract,https://doi.org/10.1007/978-3-642-05101-2
Trueblood and Busemeyer (2011),Trueblood2011,E3,Order effects in sequential evidence evaluation (inference),Quantum probability model with incompatible evidence perspectives; compared with belief-adjustment model,Mock-jury style judgement task with evidence presented in different orders,Quantum model reproduced the pattern of order effects better than the anchoring-and-adjustment model (per Bruza 2015),Vignette judgements; details of sample and fits not read here,Abstract,https://doi.org/10.1111/j.1551-6709.2011.01197.x
Busemeyer et al. (2011),Busemeyer2011,E3,"Probability judgement fallacies (conjunction, disjunction, inverse, conditional)",Quantum probability with sequential projections onto incompatible subspaces,"Theoretical comparison against published findings, including order effects in conjunction judgements",Quantum model explains more of 15 major findings than three rival theories,Mostly qualitative evaluation; no new experiment,Full text,https://doi.org/10.1037/a0022542
Aerts and Sozzo (2011),Aerts2011a,E3,Concept combination; entanglement between concepts,SCoP/quantum modelling; CHSH Bell inequality test on exemplar choices,Choice experiment with 81 participants on the combination 'The Animal Acts',"CHSH value 2.4197 > 2, interpreted as violation of Bell's inequality",Possible signalling/marginal-selectivity violations not addressed; single concept pair,Full text,https://doi.org/10.1007/978-3-642-24971-6_12
Aerts et al. (2011),Aerts2011b,E2,"Concept combination, decision paradoxes and information retrieval",SCoP formalism; Hilbert-space interference model; two-layer thought hypothesis,Conference overview of prior experiments and models; no new data,Argues quantum structure is a structural model for human and artificial thought; proposes SCoP-based knowledge organisation,No new empirical or computational tests,Full text,arXiv:1104.3344
Aerts et al. (2011),Aerts2011c,E3,Sure-thing principle violations; disjunction effect (Hawaii problem),Quantum mechanical model of the decision situation within a two-layer (conceptual/logical) thought structure,Modelling of published Hawaii-problem data (Tversky & Shafir),Quantum model reproduces 54%/57% vs 32% choice pattern as interference of conceptual landscape,Single published data set; no predictive test,Full text,https://doi.org/10.1007/978-3-642-24971-6_19
Yukalov and Sornette (2011),Yukalov2011,E3,Decision under risk and uncertainty; classical paradoxes,"Quantum Decision Theory: prospect states, utility factor plus interference (attraction) factor, entanglement",Theoretical framework applied to published paradox data,"Explains disjunction effect, conjunction fallacy, Allais and Ellsberg-type paradoxes",Interference factor only partly constrained; post hoc application,Abstract,https://doi.org/10.1007/s11238-010-9202-y
Busemeyer and Bruza (2012),Busemeyer2012,E3,"Order effects, judgement errors, concepts, memory, decision dynamics",Quantum probability and quantum dynamics (vs classical and Markov models),Textbook synthesising models and published laboratory data,Unified QP account of multiple anomalies; comparisons with classical/Markov models,Laboratory paradigms; the file covers only front matter and Chapter 1,Full text,https://doi.org/10.1017/CBO9780511997716
Pothos and Busemeyer (2013),Pothos2013a,E3,General case for QP cognitive modelling,"Quantum probability theory (superposition, incompatibility, entanglement) vs classical probability",Target article reviewing published empirical findings,Argues many judgement and decision anomalies have natural QP accounts,Review/position; criticisms about flexibility raised in commentaries,Full text,https://doi.org/10.1017/S0140525X12001525
Wang et al. (2013),Wang2013a,E1,Programmatic case for quantum models of cognition,"Conceptual overview of QP principles (incompatibility, superposition, entanglement)",Special-issue introduction; no data,Frames QP as a general cognitive modelling framework and lists open questions,Programmatic; no new evidence,Abstract,https://doi.org/10.1111/tops.12043
Wang and Busemeyer (2013),Wang2013b,E3,Question order effects in attitude surveys,Quantum question-order model; parameter-free QQ equality,Tests on published survey order-effect data,QQ equality supported in the data examined,Uses existing data; details of datasets not read here,Abstract,https://doi.org/10.1111/tops.12040
Aerts et al. (2013),Aerts2013,E3,Concept combination and conceptual dynamics,Hilbert/Fock-space modelling of concepts as context-dependent states; entanglement,Overview applying models to published membership-weight and combination data,"Quantum models reproduce guppy-type effects, over/underextension and entanglement",Mostly post hoc reconstruction of existing data,Abstract,https://doi.org/10.1111/tops.12042
Wang et al. (2014),Wang2014,E3,Question order effects in national surveys,Quantum question-order model; parameter-free QQ equality test,70 national field surveys plus two laboratory experiments (as reported in Bruza 2015),QQ equality statistically supported; anchoring-adjustment models fail to reproduce patterns,Necessary but not sufficient evidence; replicability issue for projective models,Abstract,https://doi.org/10.1073/pnas.1407756111
Khrennikov et al. (2014),Khrennikov2014,E2,Consistency of quantum measurement models with order effects and response replicability,Formal analysis of projective (Lüders) and generalised quantum measurement models,Theoretical no-go analysis referencing known empirical regularities,Projective quantum models cannot jointly reproduce order effects and response replicability,Restricted measurement classes; resolved later via quantum instruments,Abstract,https://doi.org/10.1371/journal.pone.0110909
Bruza et al. (2015),Bruza2015,E3,Review of quantum vs Bayesian models of judgement and decision,Comparison of classical and quantum probability axioms; review of QP models,Review of published empirical findings,"QP accounts for order effects, QQ equality (70 surveys), total-probability violations; classical and QP coincide for compatible events",Review; no new data; dynamics and contextuality left as open questions,Full text,https://doi.org/10.1016/j.tics.2015.05.001
Busemeyer and Wang (2015),Busemeyer2015,E1,Introduction to quantum cognition for psychologists,"Overview of QP principles (incompatibility, superposition) and applications",Short review; no new data,"Summarises QP explanations of order effects, fallacies and sure-thing violations",Brief; limited treatment of classical alternatives,Abstract,https://doi.org/10.1177/0963721414568663
Kvam et al. (2015),Kvam2015,E3,Choice-confidence interference in perceptual evidence accumulation,Quantum random walk vs Markov random walk models,"Random-dot motion task with confidence ratings, with and without an intermediate choice",Intermediate choice changed later confidence (interference); quantum walk fitted better than Markov,Simple perceptual paradigm; sample and fit statistics not read here,Abstract,https://doi.org/10.1073/pnas.1500688112
Yearsley and Busemeyer (2016),Yearsley2016a,E2,Tutorial on constructing quantum cognitive models,"Hilbert-space projections, non-commuting measurements, derivation of the QQ equality",Tutorial with worked example (order effects); no new data,Step-by-step construction of order-effect models and derivation of the QQ equality,"Ideal (pure-state, projective) models only",Abstract,https://doi.org/10.1016/j.jmp.2015.11.005
Wang and Busemeyer (2016),Wang2016,E3,Interference of categorisation on decision-making,Belief-action entanglement (BAE) quantum model vs Markov and signal-detection models,"Three face categorisation-decision experiments, 721 participants (C-D, X-D, D-alone trials)",Interference (violation of total probability) in some conditions; BAE model predicted the pattern,Effect not present in all conditions; laboratory stimuli,Abstract,https://doi.org/10.1016/j.cognition.2016.01.019
Yearsley and Pothos (2016),Yearsley2016b,E3,Effect of repeated judgements on belief change (quantum Zeno effect),Quantum model of belief evolution with repeated measurements,Behavioural experiments manipulating the number of intermediate judgements,"Frequent judgements associated with slower belief change, consistent with a Zeno effect",Classical commitment/consistency explanations must be ruled out; specific paradigm,Abstract,https://doi.org/10.1098/rspb.2016.0291
Yukalov and Sornette (2016),Yukalov2016,E2,Foundations of quantum probability for measurement and decision-making,Quantum Decision Theory: utility factor plus attraction factor; quarter law; information-dependent decay,Formal development with prisoner's dilemma illustration (Tversky & Shafir data),Predicted 0.35/0.65 vs observed 0.37/0.63 cooperation/defection; conditions for classical reduction,Single illustrative empirical comparison; largely formal,Full text,https://doi.org/10.1098/rsta.2015.0100
Dzhafarov and Kujala (2016),Dzhafarov2016a,E2,Defining and testing contextuality in systems of random variables,"Contextuality-by-Default: bunches, connections, probabilistic couplings",Formal theory for finite categorical systems; no data,Criterion distinguishing true contextuality from direct context influences on marginals,Diagnostic framework rather than a cognitive model,Abstract,https://doi.org/10.1016/j.jmp.2016.04.010
Yearsley (2017),Yearsley2017,E2,Tutorial on advanced quantum-cognition tools,"Density matrices, POVMs, open-system dynamics",Methodological tutorial; no data,Framework for incorporating noise and imperfect measurement in QP models,Added parameters increase flexibility,Abstract,https://doi.org/10.1016/j.jmp.2016.07.005
Pothos et al. (2017),Pothos2017,E2,Normative (rational) status of quantum probabilistic judgement,Formal analysis of QP reasoning with respect to Dutch book-style rationality criteria,Theoretical analysis; details of any empirical component not verified,Argues QP reasoning can be principled rather than simply erroneous under incompatible perspectives,Restricted notion of rationality; assumptions about elicitation,Abstract,https://doi.org/10.1037/xge0000312
Trueblood et al. (2017),Trueblood2017a,E3,"Probabilistic inference judgements (order effects, inverse fallacy, Markov violations, anti-discounting)",Hierarchy of QP models varying compatibility from fully quantum to classical,Three behavioural experiments; individual differences linked to Cognitive Reflection Test,Accounts for five inference phenomena; representations become more classical with task familiarity,Extra flexibility in selecting hierarchy level; laboratory vignettes only,Abstract,https://doi.org/10.1037/xge0000326
Broekaert et al. (2017),Broekaert2017,E2,Time evolution of mental states in decision-making,"Nested QPT models with Hamiltonian and Lindbladian (open-system) dynamics, pure and mixed initial states",Hypothetical decision paradigm; mathematical and numerical illustration,Clarifies relations and explanatory value of increasingly complex dynamics,No empirical data; flexibility not tested against behaviour,Abstract,https://doi.org/10.1098/rsta.2016.0387
Aerts et al. (2017),Aerts2017,E4,Conjunction fallacy,Comparison of sequential (order-effect) and emergence (overextension) quantum models,World Wide Web queried sequentially and non-sequentially as an information space,"Emergence effects, not order effects, identified as the main mechanism",Web data as proxy for cognition; no individual-level participant data,Abstract,https://doi.org/10.1007/s10773-017-3288-8
Aerts and Sassoli de Bianchi (2017),Aerts2017b,E3,Question order effects and response replicability in sequential survey judgements,General tension-reduction (GTR) hidden-measurement model on the extended Bloch sphere; exact non-Hilbertian solution,"Re-analysis of Gallup poll data (Moore, 2002): Clinton/Gore and Rose/Jackson question pairs; theoretical treatment of response replicability","Exact fits to both data sets; argues the data are irreducibly non-Hilbertian, that the QQ-equality can hold for non-Hilbertian models, and that order effects plus replicability are jointly modelled",Descriptive fit to aggregate published data; no new experiment or predictive test; flexible model with added fluctuation parameters,Full text,arXiv:1508.03686
Busemeyer and Wang (2018),Busemeyer2018,E3,Context effects across subsets of judged variables,Hilbert space multidimensional (HSM) quantum probability models,New large behavioural experiment; comparison with Bayesian network models,"HSM fits compare favourably with Bayesian networks, demonstrating viability",Classical comparison limited to Bayesian networks; dimension choice by modeller,Abstract,https://doi.org/10.1037/rev0000106
Cervantes and Dzhafarov (2018),Cervantes2018,E3,Contextuality in paired human choices,Contextuality-by-Default analysis of a Bell-type (EPR/Bohm) choice design,Crowdsourced experiment with characters and traits from The Snow Queen,"Marginal selectivity violated, yet true contextuality detected beyond direct influences",Artificial task engineered for contextuality; generality unclear,Abstract,https://doi.org/10.1037/dec0000095
Busemeyer et al. (2019),Busemeyer2019,E3,Belief change during evidence monitoring; sequential probability ratings,Quantum random-walk (Schrödinger) model vs Markov random-walk model and Markov with drift variability; generalisation criterion,"11 participants, ~1000 dot-motion trials each, 4 coherence levels (2–16%), three rating-time conditions","Small interference effects (low coherence; 3/11 participants); summed G² diff favoured quantum (350, 306, 260, 40), but versus Markov with drift variability quantum wins only at low coherence",Small sample; single perceptual task; advantage shrinks against a stronger Markov baseline,Full text,https://doi.org/10.1038/s41598-019-54383-9
Basieva et al. (2019),Basieva2019,E3,True contextuality versus direct influences in human decisions,Contextuality-by-Default analysis; reanalysis of prior data plus new experiments,Crowdsourcing experiments extending the Snow Queen design,Prior claimed demonstrations explained by direct influences; new experiments show true contextuality,Specially designed tasks; ecological prevalence unknown,Abstract,https://doi.org/10.1037/xge0000585
Busemeyer et al. (2020),Busemeyer2020,E2,"Dynamics of choice, confidence and decision time",Open-system (Lindblad) quantum–Markov master equation with quantum/Markov weight,Theoretical formulation with numerical illustration (101-dimensional state space),Unifies random-walk and quantum-walk dynamics in one process,Methodological; empirical fits reported elsewhere,Abstract,https://doi.org/10.3390/e22090990
Ozawa and Khrennikov (2020),Ozawa2020,E2,Question order effect combined with response replicability,Theory of non-atomic quantum instruments,Mathematical construction; no new data,"Shows both effects can be jointly modelled, overturning the no-go for this class",No empirical fit; interpretation of added freedom unconstrained,Abstract,https://doi.org/10.3390/e22010037
Yukalov (2020),Yukalov2020,E2,Decision making over time; dynamic inconsistency,Quantum decision theory with utility and attraction factors; quantum intelligence network,Review with theoretical illustrations,Argues dynamic inconsistencies are resolved in QDT; quantum-classical correspondence,Largely theoretical; parameters set by general arguments,Abstract,https://doi.org/10.3390/e22060681
Kvam et al. (2021),Kvam2021,E3,Constructed preference and effect of prior choice on preference strength,Open-system model combining Markov random walk and quantum dynamics,Two behavioural experiments tracking preference strength over time,Oscillating preference strength and choice-induced shifts captured by the open-system model,Laboratory tasks; effects shown at the level of mean preference,Abstract,https://doi.org/10.1038/s41598-021-87659-0
Ozawa and Khrennikov (2021),Ozawa2021,E3,"Joint modelling of question order effect, response replicability and QQ-equality",Quantum instruments (general quantum measurement theory) with generalised Wang–Busemeyer postulates,"Formal construction; application to Clinton–Gore Gallup poll data (Moore, 2002)","Instruments satisfying QOE, RRE and QQE exist; model closely reproduces Clinton–Gore statistics with an order-independent prior state",Single published data set; existence proof rather than competitive model comparison; no new experiment,Full text,https://doi.org/10.1016/j.jmp.2020.102491
Epping et al. (2023),Epping2023,E3,Preferential choice and response time,Open-system (Markov + quantum random walk) model versus pure Markov and pure quantum models,"New gift-card preferential choice experiment; model comparison by AIC, BIC and chi-squared",Pure Markov model favoured for most participants; a substantial number required the open system model,Benefit limited to a subset of participants; single task domain,Abstract,https://doi.org/10.1016/j.jocm.2023.100453
Khrennikov (2023),Khrennikov2023a,E2,Quantum-like modelling of biological and cognitive information processing,Open quantum systems theory: quantum instruments and quantum master equation; QBism interpretation,Review; no new data,Argues open-system formalism is the natural basis for quantum-like biology and cognition,Conceptual breadth; little direct empirical validation,Abstract,https://doi.org/10.3390/e25060886
Khrennikov (2024),Khrennikov2023b,E2,Foundational framework for contextual probability update covering classical and quantum measurements,Contextual measurement model (CMM) on contextual probability spaces; links to quantum instruments and generalised probability theory,Formal development with illustrative examples; no empirical data,"Kolmogorov, von Neumann and quantum-instrument measurements framed within CMM; contextual definitions of order effect, response replicability, interference and Bell-type violations",Purely theoretical; arXiv preprint; no empirical test or cognitive application worked out in detail,Full text,https://doi.org/10.1098/rsos.231953
Waddup et al. (2023),Waddup2023,E3,Constructive memory; sequential measurement effects,Temporal Bell inequality test,Two memory experiments with a novel change-judgement task,Violation of a temporal Bell inequality observed in one case,Violation in only one case; suggestive evidence,Abstract,https://doi.org/10.3758/s13423-023-02275-5
Veloz and Sobetska (2024),Veloz2024,E3,Conjunction fallacy: coverage of possible probability-judgement patterns in the literature,"Extensional (factual) analysis of the [0,1]^3 space of P(A), P(B), P(A∧B); literature compilation",4080 articles citing Tversky & Kahneman (1983) to 2016; 272 with probability-estimate experiments; 37 with full reporting; 416 data points,"Data cluster in a few sub-volumes; single fallacy well explored, no-fallacy and double-fallacy regions under-explored",Descriptive only; coarse binning; depends on reporting practices; no new experiment or model,Full text,arXiv:2402.13615
Huang et al. (2025),Huang2025a,E3,Probability judgement fallacies,Quantum Sequential Sampler combining Bayesian/quantum reasoning with sequential sampling,New large probability-judgement experiment; comparison with the Bayesian Sampler,Model compared favourably with the Bayesian Sampler; systematic overestimation of probabilities discovered,Complex model; single main classical competitor,Abstract,https://doi.org/10.1037/rev0000489
Huang et al. (2025),Huang2025c,E2,Recognition heuristic and hindsight bias in paired-comparison judgements,Quantum-controlled unitary operator (circuit formalism) combined with quantum sequential sampling,Tutorial/poster; illustrative calculation for a city-size comparison (Frankfurt vs Mainz) in an ABA paradigm,Deterministic heuristic recovered under measurement; probabilistic choice and hindsight bias emerge from superposition and projective update,Short poster paper; no quantitative model fitting reported; classical probabilistic heuristics capture some of the same features,Full text,https://doi.org/10.1109/QCE65121.2025.10486
Fuyama et al. (2025),Fuyama2025,E2,"Characterising measurement classes for question order, response replicability and QQ-equality",Quantum measurement theory; sharp repeatable non-projective (SRP̄) instruments; observable vs state-update non-commutativity,Formal analysis; no new empirical data,SRP̄ measurements reproduce QOE with RRE and can satisfy or violate the QQ-equality; non-classicality can arise from non-commuting state-update maps with commuting observables,Theoretical; speculative link between SRP̄ and conscious processing; no empirical model comparison,Full text,https://doi.org/10.1098/rsta.2024.0372
Asano and Khrennikov (2026),Asano2026,E2,"Temporal dynamics of deliberation and decision, including strategic games",GKSL (Lindblad) open-system master equation; passive vs active Hamiltonians; spectral analysis of 'cognitive beats',Theoretical analysis and illustrative dynamics; Prisoner's Dilemma example; proposed experimental designs,"Framework linking GKSL steady states to decisions, stabilisation of non-Nash outcomes, and predicted beat envelopes in conviction",No new data; predictions (beats) untested; arXiv preprint,Full text,arXiv:2604.18643
Bruza et al. (2009),Bruza2009,E2,Word association and cued recall in the mental lexicon,Quantum-theoretic models of word association,Theoretical modelling of intralist/extralist association results; proposed experiments,Initial quantum models outlined and experimental tests proposed,Exploratory; no new discriminating experiment,Abstract,https://doi.org/10.1016/j.jmp.2009.04.004
Blutner et al. (2013),Blutner2013,E2,Borderline vagueness and borderline contradictions,Classical Hopfield-network probabilistic model versus quantum probability with interference,Theoretical analysis of existing experimental findings,Classical model falls short; quantum interference explains borderline contradictions,No new data; relies on existing experiments,Abstract,https://doi.org/10.1111/tops.12041
Pothos et al. (2013),Pothos2013b,E2,"Similarity judgement (asymmetry, triangle inequality, diagnosticity)",Quantum geometric model with concept subspaces and sequential projection,Theoretical demonstrations against Tversky's (1977) findings,Asymmetry as order effect; triangle-inequality and diagnosticity effects accommodated,Little new empirical fitting,Abstract,https://doi.org/10.1037/a0033142
Trueblood and Hemmer (2017),Trueblood2017b,E3,Episodic recognition memory: over-distribution and subadditivity,Generalized Quantum Episodic Memory (GQEM) model versus dual-trace OD model,Novel item-memory experiment plus published source-memory data,GQEM accounts for over-distribution and subadditivity,Limited paradigms; single classical competitor,Abstract,https://doi.org/10.1111/cogs.12460
Busemeyer et al. (2025),Busemeyer2025,E2,"Effect of episodic memory of prior judgements on later judgements (AA, AB/BA, ABA paradigms)","System-plus-environment measurement models and quantum instruments; comparison of OK, BB and new OB accounts",Theoretical comparison against published question-order and response-replicability findings,All three accounts cover the combined findings but differ in mechanism (belief-type updates vs non-commuting projections) and in allowing changed answers on repeated questions,No new data or quantitative fit; ABA empirical evidence contested,Full text,https://doi.org/10.1098/rsta.2024.0387
Costello and Watts (2014),Costello2014,E3,Biases in probability judgement,Probability theory plus noise (PT+N) model,Two behavioural experiments,Near-normative judgements for noise-cancelling expressions; four biases explained by noise,Does not address all phenomena targeted by quantum models (e.g. sequential order effects),Abstract,https://doi.org/10.1037/a0037010
Boyer-Kassem et al. (2016),BoyerKassem2016,E3,Conjunction fallacy,Derivation of testable predictions of quantum-like models; experimental-economics test,Incentivised experiment in a question-order configuration,Results at odds with quantum-like model predictions,Targets a specific class of quantum-like models,Abstract,https://doi.org/10.1007/s11238-016-9549-9
Dzhafarov et al. (2016),Dzhafarov2016b,E3,Contextuality in behavioural and social data,Contextuality-by-Default analysis of cyclic binary systems,"Reanalysis of opinion polls, visual illusions, conjoint choices, word combinations, psychophysical matching",No evidence of true contextuality in the reviewed datasets,Based on existing datasets; later designed experiments found contextuality,Abstract,https://doi.org/10.1098/rsta.2015.0099
Moreira and Wichert (2017),Moreira2017b,E3,Question order effects in opinion polls,Comparison of quantum projection model vs classical (real-valued) projection model; interpretation of rotation parameters,"Clinton–Gore Gallup poll data (Moore, 2002); 2-dimensional decision space","Both models reproduce the order effects; interference terms play no role, so the classical projection model suffices",Single data set; low-dimensional toy setting; does not address interference-based paradigms,Full text,https://doi.org/10.1007/s10773-017-3424-5
Busemeyer and Wang (2017),Busemeyer2017b,E3,Sequential opinion measurement (ABA design),Test of quantum measurement-disturbance predictions,325 MTurk participants; 12 pairs of opinion questions on 0–100 scale,Moderate changes in repeated A judgements; correlation pattern consistent with quantum predictions,Online opinion ratings; low-stakes judgements,Abstract,https://doi.org/10.1371/journal.pone.0187733
Kellen et al. (2018),Kellen2018,E2,Mirrored question order effects (QQ equality),Classical-probability process models of order effects,Theoretical analysis of existing order-effect findings,Classical models can reproduce mirrored order effects,Shows possibility rather than superiority of classical accounts,Abstract,https://doi.org/10.1037/dec0000080
Costello and Watts (2018),Costello2018,E3,"Invariants in probabilistic reasoning (QQ, addition law, Bayes rule identities)",Probability theory plus noise analysis,Analysis of identities in probability judgement data,Identities hold despite biases; consistent with noisy classical reasoning,Aggregate identities only; not all quantum-targeted phenomena addressed,Abstract,https://doi.org/10.1016/j.cogpsych.2017.11.003
Martinez-Martinez and Sanchez-Burillo (2016),MartinezMartinez2016,E2,Choice under uncertainty; Prisoner's Dilemma (sure-thing principle violation),Quantum stochastic walk on a cognitive network; Lindblad–Kossakowski master equation interpolating unitary and dissipative dynamics; Luce choice axiom for profitability,Analytical model with Prisoner's Dilemma case study; no new participant data,Stationary distribution of the QSW yields choice probabilities that can violate the law of total probability / sure-thing principle; unique stationary state proved (Spohn's theorem),Toy illustration only; several free parameters; not tested against new human data,Abstract,https://doi.org/10.1038/srep23812
Waddup et al. (2021),Waddup2021,E3,Contextuality in two-person strategic interaction,Classical vs quantum (entangled-state) probability models fitted to joint choice data,Two online experiments with a PD-variant without Nash equilibrium; Exp. 1 N = 100,Evidence of sensitivity to context; quantum model fitted better than a matched classical model,Single task family; classical baseline limited; entanglement interpreted as epiphenomenal,Abstract,https://doi.org/10.3390/math9212784
Busemeyer et al. (2017),Busemeyer2017a,E2,Neural implementation of quantum cognition operations,"Mapping of QP operations (states, projections, unitary evolution) onto classical neural mechanisms such as oscillations",Theoretical paper; no new data,Proposes classical neural realisations of quantum-cognition operations (no quantitative results),Not tested against neural data,Abstract,https://doi.org/10.1016/j.pbiomolbio.2017.04.007
Khrennikov et al. (2018),Khrennikov2018,E2,Neural basis of quantum-like decision statistics,Quantum information representation of neuronal states; GKSL (Lindblad) open-system dynamics; decision as decoherence to a steady state,Theoretical model; no data,Decision state is a steady state reached with exponentially fast convergence (analytical),No empirical neural test; mapping of neurons to qubit-like states is hypothetical,Abstract,https://doi.org/10.1038/s41598-018-34531-3
Khrennikov et al. (2025),Khrennikov2025a,E2,Neural grounding of quantum-like cognition,Generalised probability theory linking neuronal network descriptions with quantum-like cognitive models,Theoretical paper,Formal coupling proposed; no quantitative results known,No empirical test; details not re-checked,Abstract,https://doi.org/10.1016/j.jmp.2025.102923
Khrennikov et al. (2025),Khrennikov2025b,E2,Neural oscillations as a substrate for quantum-like cognition and AI,Mapping oscillatory neuronal network dynamics onto quantum-like state representations; implications for quantum-inspired computing,Theoretical paper,Conceptual/formal bridge proposed; no quantitative results known,No empirical test; details not re-checked,Abstract,https://doi.org/10.1016/j.biosystems.2025.105573
Khrennikov and Yamada (2025),Khrennikov2025c,E2,Neural grounding of quantum-like entanglement in cognition ('mental entanglement'),Prequantum classical statistical field theory / generalised probability; observation entanglement via local operator algebras; state entanglement from coupled oscillatory networks,"Theoretical; proposed EEG/MEG, in vitro network and Bell-inequality experimental designs; no data collected",Formal construction showing how classical neuronal networks can yield QL entangled states and observables; mapping to EEG/MEG functional connectivity measures,Conceptual only; no empirical test; biophysical mechanism admitted to be unclear; speculative links to binding and consciousness,Full text,https://doi.org/10.3389/fnhum.2025.1685339
