Study key,Q1 Problem formulation,Q2 Classical baseline,Q3 Experimental realism,Q4 Hardware and noise reporting,Q5 Performance metrics,Q6 Reproducibility,Q7 Critical discussion
Dong2006,P,N,P,N,P,P,P
Ohzeki2019,M,M,P,P,M,P,M
Quang2025,M,P,P,P,M,P,P
Clark2019,M,P,P,P,P,M,P
Smierzchalski2024,M,M,P,P,M,M,M
Leib2023,M,M,P,P,M,P,M
AtchadeAdelomou2021,M,N,P,P,P,P,P
Windmann2023,M,N,P,,M,,P
Schuetz2022,M,M,P,P,M,P,M
Willmann2025,M,M,P,P,M,P,M
Osaba2025,M,M,P,P,P,M,P
Otani2025,M,N,P,P,P,P,P
Salloum2026,M,P,P,,M,,M
Wang2025,M,P,P,P,P,M,P
Roh2025,M,P,P,,P,,P
Goncalves2018,P,N,N,M,P,P,P
Dong2012,M,P,M,n/a,P,P,P
Hohenfeld2024,M,M,P,P,P,M,M
Dragan2025,M,M,P,,P,,M
Sinha2023,M,P,P,M,P,M,P
Acuto2022,M,M,P,P,P,P,P
Lokossou2025,M,P,P,P,P,P,P
Altrabulsi2026,M,P,P,M,P,M,P
Taghavi2025,P,P,P,P,P,M,P
Park2023,M,P,P,,P,,P
Park2024,P,P,P,,P,,P
Sun2025,M,N,M,,M,,M
Ngo2026,M,N,P,,M,,M
Chella2022,M,N,P,P,P,P,P
Chella2023,M,P,P,P,P,M,P
Lathrop2023,M,P,P,,P,,P
Nigatu2025,M,P,P,M,P,P,P
Sarkar2024,M,M,P,P,P,P,P
Gerlach2025,M,M,P,P,M,P,M
Innan2025,M,N,P,M,P,P,P
OsabaDrone2025,M,N,P,,P,,P
Bang2026,M,N,P,,P,,P
Rao2024,M,P,P,P,P,P,P
GonzalezVillasmil2026,M,P,P,P,M,M,M
Yu2025,M,P,P,P,P,P,P
Antero2025,M,P,P,M,P,P,P
Cheiney2018,M,P,P,M,M,P,P
Templier2022,M,P,P,,M,,P
Wang2021,M,P,P,P,P,P,P
Wang2023,M,P,P,P,P,P,P
Muradoglu2025,M,M,M,P,M,P,P
Khoshnoud2020,P,N,P,N,N,N,P
Tian2023,M,N,M,P,M,P,P
Liu2021,M,N,M,,M,,P
Conrad2025,M,N,M,M,M,M,M
Widdows2023,M,N,P,P,P,P,M
Yan2021,P,N,P,N,P,N,P
Daglarli2025,P,P,P,P,P,P,P
Essalmi2026,M,P,P,,P,,P
Zuo2018,M,P,P,n/a,P,P,P
Fazilat2025b,M,P,P,n/a,P,M,P
Mannone2022,P,N,N,P,N,M,P
Mannone2023,P,N,P,,P,,M
Mannone2025,M,P,P,,P,,M
